{"cameraMode":{"drawMode":0,"name":"Shaded","section":"Shading Mode"},"sceneLighting":true,"audioPlay":false,"sceneViewState":{"m_AlwaysRefresh":false,"showFog":true,"showSkybox":true,"showFlares":false,"showImageEffects":true,"showParticleSystems":true,"showVisualEffectGraphs":true,"m_FxEnabled":true},"in2DMode":false,"pivot":{"x":23.049814224243165,"y":4.084952354431152,"z":-4.895697593688965},"rotation":{"x":0.02653270773589611,"y":0.9562991857528687,"z":-0.27644824981689455,"w":0.09178321808576584},"size":3.6784446239471437,"orthographic":false}